,,,,,,,,,,,,,,,,,,,,,,,,,,,,,
Construction Work,Detail,by item,LV,,,,,MV,,,,,,Permission Work,Preparation,Application Submit,Survey/Test Done,Achieved (Permit Received),,,,,,,,,,,
,,,Roof,Farm,Fishery,Floating,Carport,Roof,Farm,Fishery,Floating,Carport,,,,,,,,,,,,,,,,,
,,,60,60,60,60,60,60,60,60,60,60,,,,,,,,,,,,,,,,,
Site Prepareration and Mobilization,ทีมงานเข้าหน้างาน,100%,50%,33%,33%,50%,50%,50%,33%,33%,50%,50%,,CPF ส่งมอบพื้นที่และยินยอมการใช้ที่ดิน ATV (50/50),50%,,,50%,,,,,,,,,,,
,ปรับพื้นที่,,50%,67%,67%,50%,50%,50%,67%,67%,50%,50%,,อ.1,20%,30%,,50%,,,,,,,,,,,
CE PART,,,,,,,,,,,,,,รง.4,20%,30%,20%,30%,,,,,,,,,,,
0.Inverter Station/Pump Station construction,ฐานราก,100%,33%,33%,33%,33%,33%,33%,33%,33%,33%,33%,,Mini COP REPORT ( ERC ),50%,50%,,,,,,,,,,,,,
,พื้น,,33%,33%,33%,33%,33%,33%,33%,33%,33%,33%,,COP REPORT ( ERC ),50%,20%,30%,,,,,,,,,,,,
,งานเหล็ก,,17%,17%,17%,17%,17%,17%,17%,17%,17%,17%,,พค.2,20%,30%,,50%,,,,,,,,,,,
,ประกอบ,,17%,17%,17%,17%,17%,17%,17%,17%,17%,17%,,ใบยกเว้นผลิตไฟฟ้า,20%,30%,,50%,,,,,,,,,,,
1.MDB&INVERTER Shelf,Onsite,100%,30%,30%,30%,30%,30%,30%,30%,30%,30%,30%,,ใบผลิตไฟฟ้า,20%,30%,,50%,,,,,,,,,,,
,ประกอบ,,70%,70%,70%,70%,70%,70%,70%,70%,70%,70%,,ขนานไฟฟ้า,20%,30%,30%,20%,,,,,,,,,,,
2.Foundation Installatioin,วางหมุด,100%,0%,20%,33%,20%,20%,0%,20%,33%,20%,20%,,,,,,,,,,,,,,,,,
,ตอกเข็ม,,0%,60%,50%,60%,60%,0%,60%,50%,60%,60%,,,,,,,,,,,,,,,,,
,ปรับระยะ,,0%,20%,17%,20%,20%,0%,20%,17%,20%,20%,,ฆ,,,,,,By Prj,,,,,,,,,
3.Mounting structure installation,Onsite,100%,27%,27%,20%,20%,21%,27%,27%,20%,20%,21%,,,,,,,,,,,,,,,,,
,ประกอบ,,73%,73%,80%,80%,79%,73%,73%,80%,80%,79%,,,,,,,,,,,,,,,,,
4.Fence&Gate,Onsite,100%,0%,40%,0%,0%,0%,0%,40%,0%,0%,0%,,Soiling Test/Water Test/ Roofing Test,Test,Document,,,,5%,,,,,,,,,
,ประกอบ,,0%,60%,0%,0%,0%,0%,60%,0%,0%,0%,,,70%,30%,,,,,,,,,,,,,
EE PART,,,,,,,,,,,,,,For Construction Design,CE Drawing,EE Drawing,CE Cal,EE Cal,Approved by CPF,5%,,,,,,,,,
5.PV module installation,Onsite,100%,20%,19%,19%,20%,19%,20%,19%,19%,20%,19%,,,10%,30%,10%,30%,20%,,,,,,,,,,
,Installation (PV&RSD),,50%,65%,65%,63%,65%,50%,65%,65%,63%,65%,,Pocurement,PV Panel,Inverter,Mounting,EE Panel,,10%,,,,,,,,,
,RSD Onsite,,5%,0%,0%,0%,0%,5%,0%,0%,0%,0%,,,40%,30%,20%,10%,,,,,,,,,,,
,Inspection,,25%,16%,16%,17%,16%,25%,16%,16%,17%,16%,,,,,,,,,,,,,,,,,
6.Inverter Installation,Onsite,100%,33%,33%,33%,33%,33%,33%,33%,33%,33%,33%,,Engineering Design Work,,,,,,By Prj,,,,,,,,,
,Installation,,50%,50%,50%,50%,50%,50%,50%,50%,50%,50%,,,,,,,,,,,,,,,,,
,Inspection,,17%,17%,17%,17%,17%,17%,17%,17%,17%,17%,,,,,,,,,,,,,,,,,
7.Electrical Panel Installation,Onsite,100%,20%,20%,20%,33%,33%,20%,20%,20%,33%,33%,,Soiling Test/Water Test/ Roofing Test,Test,Document,,,,5%,,,,,,,,,
,Installation,,60%,60%,60%,50%,50%,60%,60%,60%,50%,50%,,,70.00%,30.00%,,,,,,,,,,,,,
,Inspection,,20%,20%,20%,17%,17%,20%,20%,20%,17%,17%,,For Construction Design,CE Drawing,EE Drawing,CE Cal,EE Cal,Approved by CPF,5%,,,,,,,,,
8.Electrical Conduit and Rackway Installation,Installation DC support,100%,60%,60%,60%,60%,60%,60%,60%,60%,60%,60%,,,10.00%,30.00%,10.00%,30.00%,20.00%,,,,,,,,,,
,Installation AC support,,20%,20%,20%,20%,20%,20%,20%,20%,20%,20%,,Pocurement,PV Panel,Inverter,Mounting,EE Panel,,10%,,,,,,,,,
,Inspection,,20%,20%,20%,20%,20%,20%,20%,20%,20%,20%,,,40.00%,30.00%,20.00%,10.00%,,,,,,,,,,,
9.Grounding System Installation,Installation Device,100%,67%,50%,50%,50%,50%,67%,50%,50%,50%,50%,,,,,,,,,,,,,,,,,
,Installation Main,,33%,50%,50%,50%,50%,33%,50%,50%,50%,50%,,,,,,,,,,,,,,,,,
10.Cabling & Termination PV to Inverters,เดินสาย,100%,60%,60%,60%,63%,63%,60%,60%,60%,63%,63%,,TESTING AND COMMISSIONING (10%),1.PV MODULE STRING TEST,,,,2.CONFIGURATION AND MONITORING TEST,,3.AC OUTPUT TEST,,"4.THERMOSCAN TEST (PV, PANEL, TERMINAL, BUSBAR, FEEDER CABLE, CABLE LUG ETC.)",,5.PQ METER AND RELAY SETTING,,6. Structure,,7.Grounding TEST
,Terminate,,40%,40%,40%,38%,38%,40%,40%,40%,38%,38%,,,,,,,,,,,,,,,,,
11.Cabling & Termination Inverters to SMDB,เดินสาย,100%,50%,50%,50%,50%,50%,50%,67%,50%,50%,50%,,,21.20%,,,,10.50%,,10.50%,,20.70%,,10.30%,,16.30%,,10.50%
,Terminate,,50%,50%,50%,50%,50%,50%,33%,50%,50%,50%,,Punch list (10%),Asbuilt Drawing,,,,Documentary,,Clear Def,,PR Pass,,Trainning,,,,
12.Weather Station Installation,Onsite,100%,20%,25%,25%,25%,25%,20%,25%,25%,25%,25%,,,,,,,,,,,,,,,,,
,Installation,,60%,50%,50%,50%,50%,60%,50%,50%,50%,50%,,,20.00%,,,,10.00%,,30.00%,,30.00%,,10.00%,,,,
,Inspection (Enspire),,20%,25%,25%,25%,25%,20%,25%,25%,25%,25%,,,,,,,,,,,,,,,,,
13.Cabling & Termination SMDB to Ex MDB (Tie IN),เดินสาย,100%,67%,67%,67%,67%,67%,0%,0%,0%,0%,0%,,,,,,,,,,,,,,,,,
,Terminate/Tiein,,33%,33%,33%,33%,33%,0%,0%,0%,0%,0%,,,,,,,,,,,,,,,,,
14.Transformer Installation and Tie in,ติดตั้ง support,100%,0%,0%,0%,0%,0%,40%,25%,25%,25%,25%,,,,,,,,,,,,,,,,,
,Installation TR,,0%,0%,0%,0%,0%,40%,50%,50%,50%,50%,,,,,,,,,,,,,,,,,
,Tie in,,0%,0%,0%,0%,0%,20%,25%,25%,25%,25%,,,,,,,,,,,,,,,,,
15.Protection Relay Panel & CT PT MV/LV,Installation Panel,100%,33%,50%,50%,50%,50%,50%,50%,33%,33%,33%,,,,,,,,,,,,,,,,,
,Installation CT/PT,,67%,50%,50%,50%,50%,50%,50%,67%,67%,67%,,,,,,,,,,,,,,,,,
16.Cabling & Termination Protection System,เดินสาย/ราง,100%,50%,50%,50%,50%,67%,50%,50%,50%,50%,67%,,,,,,,,,,,,,,,,,
,Inspection (Enspire),,50%,50%,50%,50%,33%,50%,50%,50%,50%,33%,,,,,,,,,,,,,,,,,
17.Water conduit and pump system Installation,Pump Onsite,100%,25%,30%,25%,25%,33%,25%,30%,25%,25%,33%,,,,,,,,,,,,,,,,,
,ติดตั้งระบบน้ำ,,75%,70%,75%,75%,67%,75%,70%,75%,75%,67%,,,,,,,,,,,,,,,,,
TESTING AND COMMISSIONING,Detail,by Prj,LV,,,,,MV,,,,,,,,,,,,,,,,,,,,,
,,,Roof,Farm,Fishery,Floating,Carport,Roof,Farm,Fishery,Floating,Carport,,,,,,,,,,,,,,,,,
,,,100.00%,100.00%,100.00%,100.00%,100.00%,100.00%,100.00%,100.00%,100.00%,100.00%,,,,,,,,,,,,,,,,,
1.PV MODULE STRING TEST,"Insulation&Continuous, VI Test",100%,25.00%,23.00%,18.00%,20.00%,20.00%,25.00%,23.00%,18.00%,20.00%,20.00%,,,,,,,,,,,,,,,,,
2.CONFIGURATION AND MONITORING TEST,Enspire&Fusion Solar,,12.60%,11.00%,9.00%,10.00%,10.00%,12.60%,11.00%,9.00%,10.00%,10.00%,,,,,,,,,,,,,,,,,
3.AC OUTPUT TEST,"Insulation&Continuous, VI Test,Ph Angle",,12.60%,11.00%,9.00%,10.00%,10.00%,12.60%,11.00%,9.00%,10.00%,10.00%,,,,,,,,,,,,,,,,,
4.THERMOSCAN TEST,"PV, PANEL, TERMINAL, BUSBAR, FEEDER CABLE, CABLE LUG ETC.",,12.60%,23.00%,28.00%,20.00%,20.00%,12.60%,23.00%,28.00%,20.00%,20.00%,,,,,,,,,,,,,,,,,
5.PQ METER AND RELAY SETTING,"Zero export, Shunt Trip(PEA/MEA)",,12.60%,10.00%,9.00%,10.00%,10.00%,12.60%,10.00%,9.00%,10.00%,10.00%,,,,,,,,,,,,,,,,,
6.Mounting Structure,Torque/Level/,,12.60%,11.00%,18.00%,20.00%,20.00%,12.60%,11.00%,18.00%,20.00%,20.00%,,,,,,,,,,,,,,,,,
7.Grounding TEST,PV to INV to EE panel to G,,12.60%,11.00%,9.00%,10.00%,10.00%,12.60%,11.00%,9.00%,10.00%,10.00%,,,,,,,,,,,,,,,,,